﻿<?xml version="1.0" encoding="utf-8"?>
<BreakpointCollection xmlns:xsd="http://www.w3.org/2001/XMLSchema" xmlns:xsi="http://www.w3.org/2001/XMLSchema-instance">
  <Breakpoints>
    <Breakpoint>
      <Version>65536</Version>
      <IsEnabled>0</IsEnabled>
      <IsVisible>1</IsVisible>
      <IsEmulated>0</IsEmulated>
      <IsCondition>0</IsCondition>
      <IsProductionBps>0</IsProductionBps>
      <ConditionType>WhenTrue</ConditionType>
      <LocationType>SourceLocation</LocationType>
      <TextPosition>
        <Version>4</Version>
        <FileName>.\GuestPhoneBook.BusinessLayer\GuestBL.cs</FileName>
        <startLine>45</startLine>
        <StartColumn>16</StartColumn>
        <EndLine>45</EndLine>
        <EndColumn>17</EndColumn>
        <MarkerId>0</MarkerId>
        <IsLineBased>0</IsLineBased>
        <IsDocumentPathNotFound>0</IsDocumentPathNotFound>
        <ShouldUpdateTextSpan>1</ShouldUpdateTextSpan>
        <Checksum>
          <Version>1</Version>
          <Algorithm>00000000-0000-0000-0000-000000000000</Algorithm>
          <ByteCount>0</ByteCount>
          <Bytes />
        </Checksum>
      </TextPosition>
      <NamedLocationText>GuestPhoneBook.BusinessLayer.GuestBL.AddGuestBL(Guest newGuest)</NamedLocationText>
      <NamedLocationLine>6</NamedLocationLine>
      <NamedLocationColumn>0</NamedLocationColumn>
      <HitCountType>NoHitCount</HitCountType>
      <HitCountTarget>1</HitCountTarget>
      <Language>3f5162f8-07c6-11d3-9053-00c04fa302a1</Language>
      <IsMapped>0</IsMapped>
      <BreakpointType>PendingBreakpoint</BreakpointType>
      <AddressLocation>
        <Version>0</Version>
        <MarkerId>0</MarkerId>
        <FunctionLine>0</FunctionLine>
        <FunctionColumn>0</FunctionColumn>
        <Language>00000000-0000-0000-0000-000000000000</Language>
      </AddressLocation>
      <DataCount>4</DataCount>
      <IsTracepointActive>0</IsTracepointActive>
      <TracepointTargetType>VsOutputWindow</TracepointTargetType>
      <TimeTravelTraceMarker>NoTracing</TimeTravelTraceMarker>
      <IsBreakWhenHit>1</IsBreakWhenHit>
      <IsRunMacroWhenHit>0</IsRunMacroWhenHit>
      <UseChecksum>1</UseChecksum>
      <Labels />
      <RequestRemapped>0</RequestRemapped>
      <IsSnapshotWhenHit>1</IsSnapshotWhenHit>
      <SnapshotCountTarget>1</SnapshotCountTarget>
      <parentIndex>-1</parentIndex>
      <IsTemporary>0</IsTemporary>
      <BreakpointId>1</BreakpointId>
      <PrerequisiteBreakpointId>0</PrerequisiteBreakpointId>
    </Breakpoint>
    <Breakpoint>
      <Version>65536</Version>
      <IsEnabled>0</IsEnabled>
      <IsVisible>1</IsVisible>
      <IsEmulated>0</IsEmulated>
      <IsCondition>0</IsCondition>
      <IsProductionBps>0</IsProductionBps>
      <ConditionType>WhenTrue</ConditionType>
      <LocationType>SourceLocation</LocationType>
      <TextPosition>
        <Version>4</Version>
        <FileName>.\GuestPhoneBook.PresentationLayer\Program.cs</FileName>
        <startLine>22</startLine>
        <StartColumn>24</StartColumn>
        <EndLine>22</EndLine>
        <EndColumn>35</EndColumn>
        <MarkerId>0</MarkerId>
        <IsLineBased>0</IsLineBased>
        <IsDocumentPathNotFound>0</IsDocumentPathNotFound>
        <ShouldUpdateTextSpan>1</ShouldUpdateTextSpan>
        <Checksum>
          <Version>1</Version>
          <Algorithm>00000000-0000-0000-0000-000000000000</Algorithm>
          <ByteCount>0</ByteCount>
          <Bytes />
        </Checksum>
      </TextPosition>
      <NamedLocationText>GuestPhoneBook.PresentationLayer.Program.Main(string[] args)</NamedLocationText>
      <NamedLocationLine>11</NamedLocationLine>
      <NamedLocationColumn>0</NamedLocationColumn>
      <HitCountType>NoHitCount</HitCountType>
      <HitCountTarget>1</HitCountTarget>
      <Language>3f5162f8-07c6-11d3-9053-00c04fa302a1</Language>
      <IsMapped>0</IsMapped>
      <BreakpointType>PendingBreakpoint</BreakpointType>
      <AddressLocation>
        <Version>0</Version>
        <MarkerId>0</MarkerId>
        <FunctionLine>0</FunctionLine>
        <FunctionColumn>0</FunctionColumn>
        <Language>00000000-0000-0000-0000-000000000000</Language>
      </AddressLocation>
      <DataCount>4</DataCount>
      <IsTracepointActive>0</IsTracepointActive>
      <TracepointTargetType>VsOutputWindow</TracepointTargetType>
      <TimeTravelTraceMarker>NoTracing</TimeTravelTraceMarker>
      <IsBreakWhenHit>1</IsBreakWhenHit>
      <IsRunMacroWhenHit>0</IsRunMacroWhenHit>
      <UseChecksum>1</UseChecksum>
      <Labels />
      <RequestRemapped>0</RequestRemapped>
      <IsSnapshotWhenHit>1</IsSnapshotWhenHit>
      <SnapshotCountTarget>1</SnapshotCountTarget>
      <parentIndex>-1</parentIndex>
      <IsTemporary>0</IsTemporary>
      <BreakpointId>2</BreakpointId>
      <PrerequisiteBreakpointId>0</PrerequisiteBreakpointId>
    </Breakpoint>
    <Breakpoint>
      <Version>65536</Version>
      <IsEnabled>0</IsEnabled>
      <IsVisible>1</IsVisible>
      <IsEmulated>0</IsEmulated>
      <IsCondition>0</IsCondition>
      <IsProductionBps>0</IsProductionBps>
      <ConditionType>WhenTrue</ConditionType>
      <LocationType>SourceLocation</LocationType>
      <TextPosition>
        <Version>4</Version>
        <FileName>.\GuestPhoneBook.PresentationLayer\Program.cs</FileName>
        <startLine>175</startLine>
        <StartColumn>16</StartColumn>
        <EndLine>175</EndLine>
        <EndColumn>63</EndColumn>
        <MarkerId>0</MarkerId>
        <IsLineBased>0</IsLineBased>
        <IsDocumentPathNotFound>0</IsDocumentPathNotFound>
        <ShouldUpdateTextSpan>1</ShouldUpdateTextSpan>
        <Checksum>
          <Version>1</Version>
          <Algorithm>00000000-0000-0000-0000-000000000000</Algorithm>
          <ByteCount>0</ByteCount>
          <Bytes />
        </Checksum>
      </TextPosition>
      <NamedLocationText>GuestPhoneBook.PresentationLayer.Program.AddGuest()</NamedLocationText>
      <NamedLocationLine>11</NamedLocationLine>
      <NamedLocationColumn>0</NamedLocationColumn>
      <HitCountType>NoHitCount</HitCountType>
      <HitCountTarget>1</HitCountTarget>
      <Language>3f5162f8-07c6-11d3-9053-00c04fa302a1</Language>
      <IsMapped>0</IsMapped>
      <BreakpointType>PendingBreakpoint</BreakpointType>
      <AddressLocation>
        <Version>0</Version>
        <MarkerId>0</MarkerId>
        <FunctionLine>0</FunctionLine>
        <FunctionColumn>0</FunctionColumn>
        <Language>00000000-0000-0000-0000-000000000000</Language>
      </AddressLocation>
      <DataCount>4</DataCount>
      <IsTracepointActive>0</IsTracepointActive>
      <TracepointTargetType>VsOutputWindow</TracepointTargetType>
      <TimeTravelTraceMarker>NoTracing</TimeTravelTraceMarker>
      <IsBreakWhenHit>1</IsBreakWhenHit>
      <IsRunMacroWhenHit>0</IsRunMacroWhenHit>
      <UseChecksum>1</UseChecksum>
      <Labels />
      <RequestRemapped>0</RequestRemapped>
      <IsSnapshotWhenHit>1</IsSnapshotWhenHit>
      <SnapshotCountTarget>1</SnapshotCountTarget>
      <parentIndex>-1</parentIndex>
      <IsTemporary>0</IsTemporary>
      <BreakpointId>3</BreakpointId>
      <PrerequisiteBreakpointId>0</PrerequisiteBreakpointId>
    </Breakpoint>
  </Breakpoints>
</BreakpointCollection>